Difficulty,Category,Question,Option A,Option B,Option C,Option D,Correct Answer,Standard Reference
1,"Health, Safety & Nutrition","Level 1: In the domain of Health, Safety & Nutrition, which practice best aligns with established ECE standards at difficulty level 1?",Strongly aligns with standards,Partially aligns with standards,Minimally aligns with standards,Contradicts best practices,A,ECERS-R Item 5
1,"Health, Safety & Nutrition","Level 1: In the domain of Health, Safety & Nutrition, which practice best aligns with established ECE standards at difficulty level 1?",Strongly aligns with standards,Partially aligns with standards,Minimally aligns with standards,Contradicts best practices,A,Arizona Early Learning Standard 4.A
1,"Health, Safety & Nutrition","Level 1: In the domain of Health, Safety & Nutrition, which practice best aligns with established ECE standards at difficulty level 1?",Strongly aligns with standards,Partially aligns with standards,Minimally aligns with standards,Contradicts best practices,A,NAC Standard 2.1
1,"Health, Safety & Nutrition","Level 1: In the domain of Health, Safety & Nutrition, which practice best aligns with established ECE standards at difficulty level 1?",Strongly aligns with standards,Partially aligns with standards,Minimally aligns with standards,Contradicts best practices,A,ECERS-R Item 5
1,Child Development & Learning,"Level 1: In the domain of Child Development & Learning, which practice best aligns with established ECE standards at difficulty level 1?",Strongly aligns with standards,Partially aligns with standards,Minimally aligns with standards,Contradicts best practices,A,NAC Standard 2.1
1,Child Development & Learning,"Level 1: In the domain of Child Development & Learning, which practice best aligns with established ECE standards at difficulty level 1?",Strongly aligns with standards,Partially aligns with standards,Minimally aligns with standards,Contradicts best practices,A,Arizona Early Learning Standard 4.A
1,Child Development & Learning,"Level 1: In the domain of Child Development & Learning, which practice best aligns with established ECE standards at difficulty level 1?",Strongly aligns with standards,Partially aligns with standards,Minimally aligns with standards,Contradicts best practices,A,NAC Standard 2.1
1,Child Development & Learning,"Level 1: In the domain of Child Development & Learning, which practice best aligns with established ECE standards at difficulty level 1?",Strongly aligns with standards,Partially aligns with standards,Minimally aligns with standards,Contradicts best practices,A,ECERS-R Item 5
1,Curriculum & Learning Environment,"Level 1: In the domain of Curriculum & Learning Environment, which practice best aligns with established ECE standards at difficulty level 1?",Strongly aligns with standards,Partially aligns with standards,Minimally aligns with standards,Contradicts best practices,A,NAC Standard 2.1
1,Curriculum & Learning Environment,"Level 1: In the domain of Curriculum & Learning Environment, which practice best aligns with established ECE standards at difficulty level 1?",Strongly aligns with standards,Partially aligns with standards,Minimally aligns with standards,Contradicts best practices,A,CLASS Emotional Support Domain
1,Curriculum & Learning Environment,"Level 1: In the domain of Curriculum & Learning Environment, which practice best aligns with established ECE standards at difficulty level 1?",Strongly aligns with standards,Partially aligns with standards,Minimally aligns with standards,Contradicts best practices,A,NAC Standard 2.1
1,Curriculum & Learning Environment,"Level 1: In the domain of Curriculum & Learning Environment, which practice best aligns with established ECE standards at difficulty level 1?",Strongly aligns with standards,Partially aligns with standards,Minimally aligns with standards,Contradicts best practices,A,Arizona Early Learning Standard 4.A
1,Family & Community Partnerships,"Level 1: In the domain of Family & Community Partnerships, which practice best aligns with established ECE standards at difficulty level 1?",Strongly aligns with standards,Partially aligns with standards,Minimally aligns with standards,Contradicts best practices,A,ITERS-R Indicator 3
1,Family & Community Partnerships,"Level 1: In the domain of Family & Community Partnerships, which practice best aligns with established ECE standards at difficulty level 1?",Strongly aligns with standards,Partially aligns with standards,Minimally aligns with standards,Contradicts best practices,A,Arizona Early Learning Standard 4.A
1,Family & Community Partnerships,"Level 1: In the domain of Family & Community Partnerships, which practice best aligns with established ECE standards at difficulty level 1?",Strongly aligns with standards,Partially aligns with standards,Minimally aligns with standards,Contradicts best practices,A,ECERS-R Item 5
1,Family & Community Partnerships,"Level 1: In the domain of Family & Community Partnerships, which practice best aligns with established ECE standards at difficulty level 1?",Strongly aligns with standards,Partially aligns with standards,Minimally aligns with standards,Contradicts best practices,A,CLASS Emotional Support Domain
1,Program Management & Professionalism,"Level 1: In the domain of Program Management & Professionalism, which practice best aligns with established ECE standards at difficulty level 1?",Strongly aligns with standards,Partially aligns with standards,Minimally aligns with standards,Contradicts best practices,A,Arizona Early Learning Standard 4.A
1,Program Management & Professionalism,"Level 1: In the domain of Program Management & Professionalism, which practice best aligns with established ECE standards at difficulty level 1?",Strongly aligns with standards,Partially aligns with standards,Minimally aligns with standards,Contradicts best practices,A,CLASS Emotional Support Domain
1,Program Management & Professionalism,"Level 1: In the domain of Program Management & Professionalism, which practice best aligns with established ECE standards at difficulty level 1?",Strongly aligns with standards,Partially aligns with standards,Minimally aligns with standards,Contradicts best practices,A,Arizona Early Learning Standard 4.A
1,Program Management & Professionalism,"Level 1: In the domain of Program Management & Professionalism, which practice best aligns with established ECE standards at difficulty level 1?",Strongly aligns with standards,Partially aligns with standards,Minimally aligns with standards,Contradicts best practices,A,ITERS-R Indicator 3
2,"Health, Safety & Nutrition","Level 2: In the domain of Health, Safety & Nutrition, which practice best aligns with established ECE standards at difficulty level 2?",Strongly aligns with standards,Partially aligns with standards,Minimally aligns with standards,Contradicts best practices,A,NAC Standard 2.1
2,"Health, Safety & Nutrition","Level 2: In the domain of Health, Safety & Nutrition, which practice best aligns with established ECE standards at difficulty level 2?",Strongly aligns with standards,Partially aligns with standards,Minimally aligns with standards,Contradicts best practices,A,NAC Standard 2.1
2,"Health, Safety & Nutrition","Level 2: In the domain of Health, Safety & Nutrition, which practice best aligns with established ECE standards at difficulty level 2?",Strongly aligns with standards,Partially aligns with standards,Minimally aligns with standards,Contradicts best practices,A,ECERS-R Item 5
2,"Health, Safety & Nutrition","Level 2: In the domain of Health, Safety & Nutrition, which practice best aligns with established ECE standards at difficulty level 2?",Strongly aligns with standards,Partially aligns with standards,Minimally aligns with standards,Contradicts best practices,A,NAC Standard 2.1
2,Child Development & Learning,"Level 2: In the domain of Child Development & Learning, which practice best aligns with established ECE standards at difficulty level 2?",Strongly aligns with standards,Partially aligns with standards,Minimally aligns with standards,Contradicts best practices,A,NAC Standard 2.1
2,Child Development & Learning,"Level 2: In the domain of Child Development & Learning, which practice best aligns with established ECE standards at difficulty level 2?",Strongly aligns with standards,Partially aligns with standards,Minimally aligns with standards,Contradicts best practices,A,CLASS Emotional Support Domain
2,Child Development & Learning,"Level 2: In the domain of Child Development & Learning, which practice best aligns with established ECE standards at difficulty level 2?",Strongly aligns with standards,Partially aligns with standards,Minimally aligns with standards,Contradicts best practices,A,NAC Standard 2.1
2,Child Development & Learning,"Level 2: In the domain of Child Development & Learning, which practice best aligns with established ECE standards at difficulty level 2?",Strongly aligns with standards,Partially aligns with standards,Minimally aligns with standards,Contradicts best practices,A,Arizona Early Learning Standard 4.A
2,Curriculum & Learning Environment,"Level 2: In the domain of Curriculum & Learning Environment, which practice best aligns with established ECE standards at difficulty level 2?",Strongly aligns with standards,Partially aligns with standards,Minimally aligns with standards,Contradicts best practices,A,NAC Standard 2.1
2,Curriculum & Learning Environment,"Level 2: In the domain of Curriculum & Learning Environment, which practice best aligns with established ECE standards at difficulty level 2?",Strongly aligns with standards,Partially aligns with standards,Minimally aligns with standards,Contradicts best practices,A,ITERS-R Indicator 3
2,Curriculum & Learning Environment,"Level 2: In the domain of Curriculum & Learning Environment, which practice best aligns with established ECE standards at difficulty level 2?",Strongly aligns with standards,Partially aligns with standards,Minimally aligns with standards,Contradicts best practices,A,NAC Standard 2.1
2,Curriculum & Learning Environment,"Level 2: In the domain of Curriculum & Learning Environment, which practice best aligns with established ECE standards at difficulty level 2?",Strongly aligns with standards,Partially aligns with standards,Minimally aligns with standards,Contradicts best practices,A,Arizona Early Learning Standard 4.A
2,Family & Community Partnerships,"Level 2: In the domain of Family & Community Partnerships, which practice best aligns with established ECE standards at difficulty level 2?",Strongly aligns with standards,Partially aligns with standards,Minimally aligns with standards,Contradicts best practices,A,ECERS-R Item 5
2,Family & Community Partnerships,"Level 2: In the domain of Family & Community Partnerships, which practice best aligns with established ECE standards at difficulty level 2?",Strongly aligns with standards,Partially aligns with standards,Minimally aligns with standards,Contradicts best practices,A,ECERS-R Item 5
2,Family & Community Partnerships,"Level 2: In the domain of Family & Community Partnerships, which practice best aligns with established ECE standards at difficulty level 2?",Strongly aligns with standards,Partially aligns with standards,Minimally aligns with standards,Contradicts best practices,A,ITERS-R Indicator 3
2,Family & Community Partnerships,"Level 2: In the domain of Family & Community Partnerships, which practice best aligns with established ECE standards at difficulty level 2?",Strongly aligns with standards,Partially aligns with standards,Minimally aligns with standards,Contradicts best practices,A,CLASS Emotional Support Domain
2,Program Management & Professionalism,"Level 2: In the domain of Program Management & Professionalism, which practice best aligns with established ECE standards at difficulty level 2?",Strongly aligns with standards,Partially aligns with standards,Minimally aligns with standards,Contradicts best practices,A,NAC Standard 2.1
2,Program Management & Professionalism,"Level 2: In the domain of Program Management & Professionalism, which practice best aligns with established ECE standards at difficulty level 2?",Strongly aligns with standards,Partially aligns with standards,Minimally aligns with standards,Contradicts best practices,A,ECERS-R Item 5
2,Program Management & Professionalism,"Level 2: In the domain of Program Management & Professionalism, which practice best aligns with established ECE standards at difficulty level 2?",Strongly aligns with standards,Partially aligns with standards,Minimally aligns with standards,Contradicts best practices,A,NAC Standard 2.1
2,Program Management & Professionalism,"Level 2: In the domain of Program Management & Professionalism, which practice best aligns with established ECE standards at difficulty level 2?",Strongly aligns with standards,Partially aligns with standards,Minimally aligns with standards,Contradicts best practices,A,ITERS-R Indicator 3
3,"Health, Safety & Nutrition","Level 3: In the domain of Health, Safety & Nutrition, which practice best aligns with established ECE standards at difficulty level 3?",Strongly aligns with standards,Partially aligns with standards,Minimally aligns with standards,Contradicts best practices,A,ITERS-R Indicator 3
3,"Health, Safety & Nutrition","Level 3: In the domain of Health, Safety & Nutrition, which practice best aligns with established ECE standards at difficulty level 3?",Strongly aligns with standards,Partially aligns with standards,Minimally aligns with standards,Contradicts best practices,A,NAC Standard 2.1
3,"Health, Safety & Nutrition","Level 3: In the domain of Health, Safety & Nutrition, which practice best aligns with established ECE standards at difficulty level 3?",Strongly aligns with standards,Partially aligns with standards,Minimally aligns with standards,Contradicts best practices,A,Arizona Early Learning Standard 4.A
3,"Health, Safety & Nutrition","Level 3: In the domain of Health, Safety & Nutrition, which practice best aligns with established ECE standards at difficulty level 3?",Strongly aligns with standards,Partially aligns with standards,Minimally aligns with standards,Contradicts best practices,A,CLASS Emotional Support Domain
3,Child Development & Learning,"Level 3: In the domain of Child Development & Learning, which practice best aligns with established ECE standards at difficulty level 3?",Strongly aligns with standards,Partially aligns with standards,Minimally aligns with standards,Contradicts best practices,A,ITERS-R Indicator 3
3,Child Development & Learning,"Level 3: In the domain of Child Development & Learning, which practice best aligns with established ECE standards at difficulty level 3?",Strongly aligns with standards,Partially aligns with standards,Minimally aligns with standards,Contradicts best practices,A,NAC Standard 2.1
3,Child Development & Learning,"Level 3: In the domain of Child Development & Learning, which practice best aligns with established ECE standards at difficulty level 3?",Strongly aligns with standards,Partially aligns with standards,Minimally aligns with standards,Contradicts best practices,A,ECERS-R Item 5
3,Child Development & Learning,"Level 3: In the domain of Child Development & Learning, which practice best aligns with established ECE standards at difficulty level 3?",Strongly aligns with standards,Partially aligns with standards,Minimally aligns with standards,Contradicts best practices,A,ECERS-R Item 5
3,Curriculum & Learning Environment,"Level 3: In the domain of Curriculum & Learning Environment, which practice best aligns with established ECE standards at difficulty level 3?",Strongly aligns with standards,Partially aligns with standards,Minimally aligns with standards,Contradicts best practices,A,ECERS-R Item 5
3,Curriculum & Learning Environment,"Level 3: In the domain of Curriculum & Learning Environment, which practice best aligns with established ECE standards at difficulty level 3?",Strongly aligns with standards,Partially aligns with standards,Minimally aligns with standards,Contradicts best practices,A,NAC Standard 2.1
3,Curriculum & Learning Environment,"Level 3: In the domain of Curriculum & Learning Environment, which practice best aligns with established ECE standards at difficulty level 3?",Strongly aligns with standards,Partially aligns with standards,Minimally aligns with standards,Contradicts best practices,A,ECERS-R Item 5
3,Curriculum & Learning Environment,"Level 3: In the domain of Curriculum & Learning Environment, which practice best aligns with established ECE standards at difficulty level 3?",Strongly aligns with standards,Partially aligns with standards,Minimally aligns with standards,Contradicts best practices,A,Arizona Early Learning Standard 4.A
3,Family & Community Partnerships,"Level 3: In the domain of Family & Community Partnerships, which practice best aligns with established ECE standards at difficulty level 3?",Strongly aligns with standards,Partially aligns with standards,Minimally aligns with standards,Contradicts best practices,A,Arizona Early Learning Standard 4.A
3,Family & Community Partnerships,"Level 3: In the domain of Family & Community Partnerships, which practice best aligns with established ECE standards at difficulty level 3?",Strongly aligns with standards,Partially aligns with standards,Minimally aligns with standards,Contradicts best practices,A,ITERS-R Indicator 3
3,Family & Community Partnerships,"Level 3: In the domain of Family & Community Partnerships, which practice best aligns with established ECE standards at difficulty level 3?",Strongly aligns with standards,Partially aligns with standards,Minimally aligns with standards,Contradicts best practices,A,Arizona Early Learning Standard 4.A
3,Family & Community Partnerships,"Level 3: In the domain of Family & Community Partnerships, which practice best aligns with established ECE standards at difficulty level 3?",Strongly aligns with standards,Partially aligns with standards,Minimally aligns with standards,Contradicts best practices,A,ITERS-R Indicator 3
3,Program Management & Professionalism,"Level 3: In the domain of Program Management & Professionalism, which practice best aligns with established ECE standards at difficulty level 3?",Strongly aligns with standards,Partially aligns with standards,Minimally aligns with standards,Contradicts best practices,A,NAC Standard 2.1
3,Program Management & Professionalism,"Level 3: In the domain of Program Management & Professionalism, which practice best aligns with established ECE standards at difficulty level 3?",Strongly aligns with standards,Partially aligns with standards,Minimally aligns with standards,Contradicts best practices,A,CLASS Emotional Support Domain
3,Program Management & Professionalism,"Level 3: In the domain of Program Management & Professionalism, which practice best aligns with established ECE standards at difficulty level 3?",Strongly aligns with standards,Partially aligns with standards,Minimally aligns with standards,Contradicts best practices,A,ECERS-R Item 5
3,Program Management & Professionalism,"Level 3: In the domain of Program Management & Professionalism, which practice best aligns with established ECE standards at difficulty level 3?",Strongly aligns with standards,Partially aligns with standards,Minimally aligns with standards,Contradicts best practices,A,ITERS-R Indicator 3
4,"Health, Safety & Nutrition","Level 4: In the domain of Health, Safety & Nutrition, which practice best aligns with established ECE standards at difficulty level 4?",Strongly aligns with standards,Partially aligns with standards,Minimally aligns with standards,Contradicts best practices,A,CLASS Emotional Support Domain
4,"Health, Safety & Nutrition","Level 4: In the domain of Health, Safety & Nutrition, which practice best aligns with established ECE standards at difficulty level 4?",Strongly aligns with standards,Partially aligns with standards,Minimally aligns with standards,Contradicts best practices,A,NAC Standard 2.1
4,"Health, Safety & Nutrition","Level 4: In the domain of Health, Safety & Nutrition, which practice best aligns with established ECE standards at difficulty level 4?",Strongly aligns with standards,Partially aligns with standards,Minimally aligns with standards,Contradicts best practices,A,ITERS-R Indicator 3
4,"Health, Safety & Nutrition","Level 4: In the domain of Health, Safety & Nutrition, which practice best aligns with established ECE standards at difficulty level 4?",Strongly aligns with standards,Partially aligns with standards,Minimally aligns with standards,Contradicts best practices,A,NAC Standard 2.1
4,Child Development & Learning,"Level 4: In the domain of Child Development & Learning, which practice best aligns with established ECE standards at difficulty level 4?",Strongly aligns with standards,Partially aligns with standards,Minimally aligns with standards,Contradicts best practices,A,CLASS Emotional Support Domain
4,Child Development & Learning,"Level 4: In the domain of Child Development & Learning, which practice best aligns with established ECE standards at difficulty level 4?",Strongly aligns with standards,Partially aligns with standards,Minimally aligns with standards,Contradicts best practices,A,ITERS-R Indicator 3
4,Child Development & Learning,"Level 4: In the domain of Child Development & Learning, which practice best aligns with established ECE standards at difficulty level 4?",Strongly aligns with standards,Partially aligns with standards,Minimally aligns with standards,Contradicts best practices,A,NAC Standard 2.1
4,Child Development & Learning,"Level 4: In the domain of Child Development & Learning, which practice best aligns with established ECE standards at difficulty level 4?",Strongly aligns with standards,Partially aligns with standards,Minimally aligns with standards,Contradicts best practices,A,ITERS-R Indicator 3
4,Curriculum & Learning Environment,"Level 4: In the domain of Curriculum & Learning Environment, which practice best aligns with established ECE standards at difficulty level 4?",Strongly aligns with standards,Partially aligns with standards,Minimally aligns with standards,Contradicts best practices,A,ITERS-R Indicator 3
4,Curriculum & Learning Environment,"Level 4: In the domain of Curriculum & Learning Environment, which practice best aligns with established ECE standards at difficulty level 4?",Strongly aligns with standards,Partially aligns with standards,Minimally aligns with standards,Contradicts best practices,A,NAC Standard 2.1
4,Curriculum & Learning Environment,"Level 4: In the domain of Curriculum & Learning Environment, which practice best aligns with established ECE standards at difficulty level 4?",Strongly aligns with standards,Partially aligns with standards,Minimally aligns with standards,Contradicts best practices,A,ECERS-R Item 5
4,Curriculum & Learning Environment,"Level 4: In the domain of Curriculum & Learning Environment, which practice best aligns with established ECE standards at difficulty level 4?",Strongly aligns with standards,Partially aligns with standards,Minimally aligns with standards,Contradicts best practices,A,Arizona Early Learning Standard 4.A
4,Family & Community Partnerships,"Level 4: In the domain of Family & Community Partnerships, which practice best aligns with established ECE standards at difficulty level 4?",Strongly aligns with standards,Partially aligns with standards,Minimally aligns with standards,Contradicts best practices,A,NAC Standard 2.1
4,Family & Community Partnerships,"Level 4: In the domain of Family & Community Partnerships, which practice best aligns with established ECE standards at difficulty level 4?",Strongly aligns with standards,Partially aligns with standards,Minimally aligns with standards,Contradicts best practices,A,NAC Standard 2.1
4,Family & Community Partnerships,"Level 4: In the domain of Family & Community Partnerships, which practice best aligns with established ECE standards at difficulty level 4?",Strongly aligns with standards,Partially aligns with standards,Minimally aligns with standards,Contradicts best practices,A,Arizona Early Learning Standard 4.A
4,Family & Community Partnerships,"Level 4: In the domain of Family & Community Partnerships, which practice best aligns with established ECE standards at difficulty level 4?",Strongly aligns with standards,Partially aligns with standards,Minimally aligns with standards,Contradicts best practices,A,ITERS-R Indicator 3
4,Program Management & Professionalism,"Level 4: In the domain of Program Management & Professionalism, which practice best aligns with established ECE standards at difficulty level 4?",Strongly aligns with standards,Partially aligns with standards,Minimally aligns with standards,Contradicts best practices,A,NAC Standard 2.1
4,Program Management & Professionalism,"Level 4: In the domain of Program Management & Professionalism, which practice best aligns with established ECE standards at difficulty level 4?",Strongly aligns with standards,Partially aligns with standards,Minimally aligns with standards,Contradicts best practices,A,Arizona Early Learning Standard 4.A
4,Program Management & Professionalism,"Level 4: In the domain of Program Management & Professionalism, which practice best aligns with established ECE standards at difficulty level 4?",Strongly aligns with standards,Partially aligns with standards,Minimally aligns with standards,Contradicts best practices,A,Arizona Early Learning Standard 4.A
4,Program Management & Professionalism,"Level 4: In the domain of Program Management & Professionalism, which practice best aligns with established ECE standards at difficulty level 4?",Strongly aligns with standards,Partially aligns with standards,Minimally aligns with standards,Contradicts best practices,A,ITERS-R Indicator 3
5,"Health, Safety & Nutrition","Level 5: In the domain of Health, Safety & Nutrition, which practice best aligns with established ECE standards at difficulty level 5?",Strongly aligns with standards,Partially aligns with standards,Minimally aligns with standards,Contradicts best practices,A,Arizona Early Learning Standard 4.A
5,"Health, Safety & Nutrition","Level 5: In the domain of Health, Safety & Nutrition, which practice best aligns with established ECE standards at difficulty level 5?",Strongly aligns with standards,Partially aligns with standards,Minimally aligns with standards,Contradicts best practices,A,ITERS-R Indicator 3
5,"Health, Safety & Nutrition","Level 5: In the domain of Health, Safety & Nutrition, which practice best aligns with established ECE standards at difficulty level 5?",Strongly aligns with standards,Partially aligns with standards,Minimally aligns with standards,Contradicts best practices,A,ECERS-R Item 5
5,"Health, Safety & Nutrition","Level 5: In the domain of Health, Safety & Nutrition, which practice best aligns with established ECE standards at difficulty level 5?",Strongly aligns with standards,Partially aligns with standards,Minimally aligns with standards,Contradicts best practices,A,ITERS-R Indicator 3
5,Child Development & Learning,"Level 5: In the domain of Child Development & Learning, which practice best aligns with established ECE standards at difficulty level 5?",Strongly aligns with standards,Partially aligns with standards,Minimally aligns with standards,Contradicts best practices,A,ECERS-R Item 5
5,Child Development & Learning,"Level 5: In the domain of Child Development & Learning, which practice best aligns with established ECE standards at difficulty level 5?",Strongly aligns with standards,Partially aligns with standards,Minimally aligns with standards,Contradicts best practices,A,NAC Standard 2.1
5,Child Development & Learning,"Level 5: In the domain of Child Development & Learning, which practice best aligns with established ECE standards at difficulty level 5?",Strongly aligns with standards,Partially aligns with standards,Minimally aligns with standards,Contradicts best practices,A,CLASS Emotional Support Domain
5,Child Development & Learning,"Level 5: In the domain of Child Development & Learning, which practice best aligns with established ECE standards at difficulty level 5?",Strongly aligns with standards,Partially aligns with standards,Minimally aligns with standards,Contradicts best practices,A,Arizona Early Learning Standard 4.A
5,Curriculum & Learning Environment,"Level 5: In the domain of Curriculum & Learning Environment, which practice best aligns with established ECE standards at difficulty level 5?",Strongly aligns with standards,Partially aligns with standards,Minimally aligns with standards,Contradicts best practices,A,ITERS-R Indicator 3
5,Curriculum & Learning Environment,"Level 5: In the domain of Curriculum & Learning Environment, which practice best aligns with established ECE standards at difficulty level 5?",Strongly aligns with standards,Partially aligns with standards,Minimally aligns with standards,Contradicts best practices,A,CLASS Emotional Support Domain
5,Curriculum & Learning Environment,"Level 5: In the domain of Curriculum & Learning Environment, which practice best aligns with established ECE standards at difficulty level 5?",Strongly aligns with standards,Partially aligns with standards,Minimally aligns with standards,Contradicts best practices,A,NAC Standard 2.1
5,Curriculum & Learning Environment,"Level 5: In the domain of Curriculum & Learning Environment, which practice best aligns with established ECE standards at difficulty level 5?",Strongly aligns with standards,Partially aligns with standards,Minimally aligns with standards,Contradicts best practices,A,ITERS-R Indicator 3
5,Family & Community Partnerships,"Level 5: In the domain of Family & Community Partnerships, which practice best aligns with established ECE standards at difficulty level 5?",Strongly aligns with standards,Partially aligns with standards,Minimally aligns with standards,Contradicts best practices,A,NAC Standard 2.1
5,Family & Community Partnerships,"Level 5: In the domain of Family & Community Partnerships, which practice best aligns with established ECE standards at difficulty level 5?",Strongly aligns with standards,Partially aligns with standards,Minimally aligns with standards,Contradicts best practices,A,ECERS-R Item 5
5,Family & Community Partnerships,"Level 5: In the domain of Family & Community Partnerships, which practice best aligns with established ECE standards at difficulty level 5?",Strongly aligns with standards,Partially aligns with standards,Minimally aligns with standards,Contradicts best practices,A,CLASS Emotional Support Domain
5,Family & Community Partnerships,"Level 5: In the domain of Family & Community Partnerships, which practice best aligns with established ECE standards at difficulty level 5?",Strongly aligns with standards,Partially aligns with standards,Minimally aligns with standards,Contradicts best practices,A,NAC Standard 2.1
5,Program Management & Professionalism,"Level 5: In the domain of Program Management & Professionalism, which practice best aligns with established ECE standards at difficulty level 5?",Strongly aligns with standards,Partially aligns with standards,Minimally aligns with standards,Contradicts best practices,A,ITERS-R Indicator 3
5,Program Management & Professionalism,"Level 5: In the domain of Program Management & Professionalism, which practice best aligns with established ECE standards at difficulty level 5?",Strongly aligns with standards,Partially aligns with standards,Minimally aligns with standards,Contradicts best practices,A,ECERS-R Item 5
5,Program Management & Professionalism,"Level 5: In the domain of Program Management & Professionalism, which practice best aligns with established ECE standards at difficulty level 5?",Strongly aligns with standards,Partially aligns with standards,Minimally aligns with standards,Contradicts best practices,A,NAC Standard 2.1
5,Program Management & Professionalism,"Level 5: In the domain of Program Management & Professionalism, which practice best aligns with established ECE standards at difficulty level 5?",Strongly aligns with standards,Partially aligns with standards,Minimally aligns with standards,Contradicts best practices,A,CLASS Emotional Support Domain
6,"Health, Safety & Nutrition","Level 6: In the domain of Health, Safety & Nutrition, which practice best aligns with established ECE standards at difficulty level 6?",Strongly aligns with standards,Partially aligns with standards,Minimally aligns with standards,Contradicts best practices,A,Arizona Early Learning Standard 4.A
6,"Health, Safety & Nutrition","Level 6: In the domain of Health, Safety & Nutrition, which practice best aligns with established ECE standards at difficulty level 6?",Strongly aligns with standards,Partially aligns with standards,Minimally aligns with standards,Contradicts best practices,A,ITERS-R Indicator 3
6,"Health, Safety & Nutrition","Level 6: In the domain of Health, Safety & Nutrition, which practice best aligns with established ECE standards at difficulty level 6?",Strongly aligns with standards,Partially aligns with standards,Minimally aligns with standards,Contradicts best practices,A,ECERS-R Item 5
6,"Health, Safety & Nutrition","Level 6: In the domain of Health, Safety & Nutrition, which practice best aligns with established ECE standards at difficulty level 6?",Strongly aligns with standards,Partially aligns with standards,Minimally aligns with standards,Contradicts best practices,A,ITERS-R Indicator 3
6,Child Development & Learning,"Level 6: In the domain of Child Development & Learning, which practice best aligns with established ECE standards at difficulty level 6?",Strongly aligns with standards,Partially aligns with standards,Minimally aligns with standards,Contradicts best practices,A,ITERS-R Indicator 3
6,Child Development & Learning,"Level 6: In the domain of Child Development & Learning, which practice best aligns with established ECE standards at difficulty level 6?",Strongly aligns with standards,Partially aligns with standards,Minimally aligns with standards,Contradicts best practices,A,CLASS Emotional Support Domain
6,Child Development & Learning,"Level 6: In the domain of Child Development & Learning, which practice best aligns with established ECE standards at difficulty level 6?",Strongly aligns with standards,Partially aligns with standards,Minimally aligns with standards,Contradicts best practices,A,CLASS Emotional Support Domain
6,Child Development & Learning,"Level 6: In the domain of Child Development & Learning, which practice best aligns with established ECE standards at difficulty level 6?",Strongly aligns with standards,Partially aligns with standards,Minimally aligns with standards,Contradicts best practices,A,NAC Standard 2.1
6,Curriculum & Learning Environment,"Level 6: In the domain of Curriculum & Learning Environment, which practice best aligns with established ECE standards at difficulty level 6?",Strongly aligns with standards,Partially aligns with standards,Minimally aligns with standards,Contradicts best practices,A,ECERS-R Item 5
6,Curriculum & Learning Environment,"Level 6: In the domain of Curriculum & Learning Environment, which practice best aligns with established ECE standards at difficulty level 6?",Strongly aligns with standards,Partially aligns with standards,Minimally aligns with standards,Contradicts best practices,A,Arizona Early Learning Standard 4.A
6,Curriculum & Learning Environment,"Level 6: In the domain of Curriculum & Learning Environment, which practice best aligns with established ECE standards at difficulty level 6?",Strongly aligns with standards,Partially aligns with standards,Minimally aligns with standards,Contradicts best practices,A,ECERS-R Item 5
6,Curriculum & Learning Environment,"Level 6: In the domain of Curriculum & Learning Environment, which practice best aligns with established ECE standards at difficulty level 6?",Strongly aligns with standards,Partially aligns with standards,Minimally aligns with standards,Contradicts best practices,A,CLASS Emotional Support Domain
6,Family & Community Partnerships,"Level 6: In the domain of Family & Community Partnerships, which practice best aligns with established ECE standards at difficulty level 6?",Strongly aligns with standards,Partially aligns with standards,Minimally aligns with standards,Contradicts best practices,A,ECERS-R Item 5
6,Family & Community Partnerships,"Level 6: In the domain of Family & Community Partnerships, which practice best aligns with established ECE standards at difficulty level 6?",Strongly aligns with standards,Partially aligns with standards,Minimally aligns with standards,Contradicts best practices,A,ITERS-R Indicator 3
6,Family & Community Partnerships,"Level 6: In the domain of Family & Community Partnerships, which practice best aligns with established ECE standards at difficulty level 6?",Strongly aligns with standards,Partially aligns with standards,Minimally aligns with standards,Contradicts best practices,A,CLASS Emotional Support Domain
6,Family & Community Partnerships,"Level 6: In the domain of Family & Community Partnerships, which practice best aligns with established ECE standards at difficulty level 6?",Strongly aligns with standards,Partially aligns with standards,Minimally aligns with standards,Contradicts best practices,A,ECERS-R Item 5
6,Program Management & Professionalism,"Level 6: In the domain of Program Management & Professionalism, which practice best aligns with established ECE standards at difficulty level 6?",Strongly aligns with standards,Partially aligns with standards,Minimally aligns with standards,Contradicts best practices,A,CLASS Emotional Support Domain
6,Program Management & Professionalism,"Level 6: In the domain of Program Management & Professionalism, which practice best aligns with established ECE standards at difficulty level 6?",Strongly aligns with standards,Partially aligns with standards,Minimally aligns with standards,Contradicts best practices,A,Arizona Early Learning Standard 4.A
6,Program Management & Professionalism,"Level 6: In the domain of Program Management & Professionalism, which practice best aligns with established ECE standards at difficulty level 6?",Strongly aligns with standards,Partially aligns with standards,Minimally aligns with standards,Contradicts best practices,A,Arizona Early Learning Standard 4.A
6,Program Management & Professionalism,"Level 6: In the domain of Program Management & Professionalism, which practice best aligns with established ECE standards at difficulty level 6?",Strongly aligns with standards,Partially aligns with standards,Minimally aligns with standards,Contradicts best practices,A,Arizona Early Learning Standard 4.A
7,"Health, Safety & Nutrition","Level 7: In the domain of Health, Safety & Nutrition, which practice best aligns with established ECE standards at difficulty level 7?",Strongly aligns with standards,Partially aligns with standards,Minimally aligns with standards,Contradicts best practices,A,NAC Standard 2.1
7,"Health, Safety & Nutrition","Level 7: In the domain of Health, Safety & Nutrition, which practice best aligns with established ECE standards at difficulty level 7?",Strongly aligns with standards,Partially aligns with standards,Minimally aligns with standards,Contradicts best practices,A,ECERS-R Item 5
7,"Health, Safety & Nutrition","Level 7: In the domain of Health, Safety & Nutrition, which practice best aligns with established ECE standards at difficulty level 7?",Strongly aligns with standards,Partially aligns with standards,Minimally aligns with standards,Contradicts best practices,A,CLASS Emotional Support Domain
7,"Health, Safety & Nutrition","Level 7: In the domain of Health, Safety & Nutrition, which practice best aligns with established ECE standards at difficulty level 7?",Strongly aligns with standards,Partially aligns with standards,Minimally aligns with standards,Contradicts best practices,A,Arizona Early Learning Standard 4.A
7,Child Development & Learning,"Level 7: In the domain of Child Development & Learning, which practice best aligns with established ECE standards at difficulty level 7?",Strongly aligns with standards,Partially aligns with standards,Minimally aligns with standards,Contradicts best practices,A,Arizona Early Learning Standard 4.A
7,Child Development & Learning,"Level 7: In the domain of Child Development & Learning, which practice best aligns with established ECE standards at difficulty level 7?",Strongly aligns with standards,Partially aligns with standards,Minimally aligns with standards,Contradicts best practices,A,ITERS-R Indicator 3
7,Child Development & Learning,"Level 7: In the domain of Child Development & Learning, which practice best aligns with established ECE standards at difficulty level 7?",Strongly aligns with standards,Partially aligns with standards,Minimally aligns with standards,Contradicts best practices,A,ITERS-R Indicator 3
7,Child Development & Learning,"Level 7: In the domain of Child Development & Learning, which practice best aligns with established ECE standards at difficulty level 7?",Strongly aligns with standards,Partially aligns with standards,Minimally aligns with standards,Contradicts best practices,A,ITERS-R Indicator 3
7,Curriculum & Learning Environment,"Level 7: In the domain of Curriculum & Learning Environment, which practice best aligns with established ECE standards at difficulty level 7?",Strongly aligns with standards,Partially aligns with standards,Minimally aligns with standards,Contradicts best practices,A,ECERS-R Item 5
7,Curriculum & Learning Environment,"Level 7: In the domain of Curriculum & Learning Environment, which practice best aligns with established ECE standards at difficulty level 7?",Strongly aligns with standards,Partially aligns with standards,Minimally aligns with standards,Contradicts best practices,A,NAC Standard 2.1
7,Curriculum & Learning Environment,"Level 7: In the domain of Curriculum & Learning Environment, which practice best aligns with established ECE standards at difficulty level 7?",Strongly aligns with standards,Partially aligns with standards,Minimally aligns with standards,Contradicts best practices,A,NAC Standard 2.1
7,Curriculum & Learning Environment,"Level 7: In the domain of Curriculum & Learning Environment, which practice best aligns with established ECE standards at difficulty level 7?",Strongly aligns with standards,Partially aligns with standards,Minimally aligns with standards,Contradicts best practices,A,ITERS-R Indicator 3
7,Family & Community Partnerships,"Level 7: In the domain of Family & Community Partnerships, which practice best aligns with established ECE standards at difficulty level 7?",Strongly aligns with standards,Partially aligns with standards,Minimally aligns with standards,Contradicts best practices,A,CLASS Emotional Support Domain
7,Family & Community Partnerships,"Level 7: In the domain of Family & Community Partnerships, which practice best aligns with established ECE standards at difficulty level 7?",Strongly aligns with standards,Partially aligns with standards,Minimally aligns with standards,Contradicts best practices,A,ITERS-R Indicator 3
7,Family & Community Partnerships,"Level 7: In the domain of Family & Community Partnerships, which practice best aligns with established ECE standards at difficulty level 7?",Strongly aligns with standards,Partially aligns with standards,Minimally aligns with standards,Contradicts best practices,A,NAC Standard 2.1
7,Family & Community Partnerships,"Level 7: In the domain of Family & Community Partnerships, which practice best aligns with established ECE standards at difficulty level 7?",Strongly aligns with standards,Partially aligns with standards,Minimally aligns with standards,Contradicts best practices,A,NAC Standard 2.1
7,Program Management & Professionalism,"Level 7: In the domain of Program Management & Professionalism, which practice best aligns with established ECE standards at difficulty level 7?",Strongly aligns with standards,Partially aligns with standards,Minimally aligns with standards,Contradicts best practices,A,ECERS-R Item 5
7,Program Management & Professionalism,"Level 7: In the domain of Program Management & Professionalism, which practice best aligns with established ECE standards at difficulty level 7?",Strongly aligns with standards,Partially aligns with standards,Minimally aligns with standards,Contradicts best practices,A,CLASS Emotional Support Domain
7,Program Management & Professionalism,"Level 7: In the domain of Program Management & Professionalism, which practice best aligns with established ECE standards at difficulty level 7?",Strongly aligns with standards,Partially aligns with standards,Minimally aligns with standards,Contradicts best practices,A,CLASS Emotional Support Domain
7,Program Management & Professionalism,"Level 7: In the domain of Program Management & Professionalism, which practice best aligns with established ECE standards at difficulty level 7?",Strongly aligns with standards,Partially aligns with standards,Minimally aligns with standards,Contradicts best practices,A,ECERS-R Item 5
8,"Health, Safety & Nutrition","Level 8: In the domain of Health, Safety & Nutrition, which practice best aligns with established ECE standards at difficulty level 8?",Strongly aligns with standards,Partially aligns with standards,Minimally aligns with standards,Contradicts best practices,A,Arizona Early Learning Standard 4.A
8,"Health, Safety & Nutrition","Level 8: In the domain of Health, Safety & Nutrition, which practice best aligns with established ECE standards at difficulty level 8?",Strongly aligns with standards,Partially aligns with standards,Minimally aligns with standards,Contradicts best practices,A,ECERS-R Item 5
8,"Health, Safety & Nutrition","Level 8: In the domain of Health, Safety & Nutrition, which practice best aligns with established ECE standards at difficulty level 8?",Strongly aligns with standards,Partially aligns with standards,Minimally aligns with standards,Contradicts best practices,A,CLASS Emotional Support Domain
8,"Health, Safety & Nutrition","Level 8: In the domain of Health, Safety & Nutrition, which practice best aligns with established ECE standards at difficulty level 8?",Strongly aligns with standards,Partially aligns with standards,Minimally aligns with standards,Contradicts best practices,A,Arizona Early Learning Standard 4.A
8,Child Development & Learning,"Level 8: In the domain of Child Development & Learning, which practice best aligns with established ECE standards at difficulty level 8?",Strongly aligns with standards,Partially aligns with standards,Minimally aligns with standards,Contradicts best practices,A,NAC Standard 2.1
8,Child Development & Learning,"Level 8: In the domain of Child Development & Learning, which practice best aligns with established ECE standards at difficulty level 8?",Strongly aligns with standards,Partially aligns with standards,Minimally aligns with standards,Contradicts best practices,A,Arizona Early Learning Standard 4.A
8,Child Development & Learning,"Level 8: In the domain of Child Development & Learning, which practice best aligns with established ECE standards at difficulty level 8?",Strongly aligns with standards,Partially aligns with standards,Minimally aligns with standards,Contradicts best practices,A,CLASS Emotional Support Domain
8,Child Development & Learning,"Level 8: In the domain of Child Development & Learning, which practice best aligns with established ECE standards at difficulty level 8?",Strongly aligns with standards,Partially aligns with standards,Minimally aligns with standards,Contradicts best practices,A,Arizona Early Learning Standard 4.A
8,Curriculum & Learning Environment,"Level 8: In the domain of Curriculum & Learning Environment, which practice best aligns with established ECE standards at difficulty level 8?",Strongly aligns with standards,Partially aligns with standards,Minimally aligns with standards,Contradicts best practices,A,ECERS-R Item 5
8,Curriculum & Learning Environment,"Level 8: In the domain of Curriculum & Learning Environment, which practice best aligns with established ECE standards at difficulty level 8?",Strongly aligns with standards,Partially aligns with standards,Minimally aligns with standards,Contradicts best practices,A,ECERS-R Item 5
8,Curriculum & Learning Environment,"Level 8: In the domain of Curriculum & Learning Environment, which practice best aligns with established ECE standards at difficulty level 8?",Strongly aligns with standards,Partially aligns with standards,Minimally aligns with standards,Contradicts best practices,A,NAC Standard 2.1
8,Curriculum & Learning Environment,"Level 8: In the domain of Curriculum & Learning Environment, which practice best aligns with established ECE standards at difficulty level 8?",Strongly aligns with standards,Partially aligns with standards,Minimally aligns with standards,Contradicts best practices,A,ITERS-R Indicator 3
8,Family & Community Partnerships,"Level 8: In the domain of Family & Community Partnerships, which practice best aligns with established ECE standards at difficulty level 8?",Strongly aligns with standards,Partially aligns with standards,Minimally aligns with standards,Contradicts best practices,A,ITERS-R Indicator 3
8,Family & Community Partnerships,"Level 8: In the domain of Family & Community Partnerships, which practice best aligns with established ECE standards at difficulty level 8?",Strongly aligns with standards,Partially aligns with standards,Minimally aligns with standards,Contradicts best practices,A,Arizona Early Learning Standard 4.A
8,Family & Community Partnerships,"Level 8: In the domain of Family & Community Partnerships, which practice best aligns with established ECE standards at difficulty level 8?",Strongly aligns with standards,Partially aligns with standards,Minimally aligns with standards,Contradicts best practices,A,ITERS-R Indicator 3
8,Family & Community Partnerships,"Level 8: In the domain of Family & Community Partnerships, which practice best aligns with established ECE standards at difficulty level 8?",Strongly aligns with standards,Partially aligns with standards,Minimally aligns with standards,Contradicts best practices,A,NAC Standard 2.1
8,Program Management & Professionalism,"Level 8: In the domain of Program Management & Professionalism, which practice best aligns with established ECE standards at difficulty level 8?",Strongly aligns with standards,Partially aligns with standards,Minimally aligns with standards,Contradicts best practices,A,CLASS Emotional Support Domain
8,Program Management & Professionalism,"Level 8: In the domain of Program Management & Professionalism, which practice best aligns with established ECE standards at difficulty level 8?",Strongly aligns with standards,Partially aligns with standards,Minimally aligns with standards,Contradicts best practices,A,Arizona Early Learning Standard 4.A
8,Program Management & Professionalism,"Level 8: In the domain of Program Management & Professionalism, which practice best aligns with established ECE standards at difficulty level 8?",Strongly aligns with standards,Partially aligns with standards,Minimally aligns with standards,Contradicts best practices,A,Arizona Early Learning Standard 4.A
8,Program Management & Professionalism,"Level 8: In the domain of Program Management & Professionalism, which practice best aligns with established ECE standards at difficulty level 8?",Strongly aligns with standards,Partially aligns with standards,Minimally aligns with standards,Contradicts best practices,A,Arizona Early Learning Standard 4.A
9,"Health, Safety & Nutrition","Level 9: In the domain of Health, Safety & Nutrition, which practice best aligns with established ECE standards at difficulty level 9?",Strongly aligns with standards,Partially aligns with standards,Minimally aligns with standards,Contradicts best practices,A,ITERS-R Indicator 3
9,"Health, Safety & Nutrition","Level 9: In the domain of Health, Safety & Nutrition, which practice best aligns with established ECE standards at difficulty level 9?",Strongly aligns with standards,Partially aligns with standards,Minimally aligns with standards,Contradicts best practices,A,ECERS-R Item 5
9,"Health, Safety & Nutrition","Level 9: In the domain of Health, Safety & Nutrition, which practice best aligns with established ECE standards at difficulty level 9?",Strongly aligns with standards,Partially aligns with standards,Minimally aligns with standards,Contradicts best practices,A,ECERS-R Item 5
9,"Health, Safety & Nutrition","Level 9: In the domain of Health, Safety & Nutrition, which practice best aligns with established ECE standards at difficulty level 9?",Strongly aligns with standards,Partially aligns with standards,Minimally aligns with standards,Contradicts best practices,A,CLASS Emotional Support Domain
9,Child Development & Learning,"Level 9: In the domain of Child Development & Learning, which practice best aligns with established ECE standards at difficulty level 9?",Strongly aligns with standards,Partially aligns with standards,Minimally aligns with standards,Contradicts best practices,A,Arizona Early Learning Standard 4.A
9,Child Development & Learning,"Level 9: In the domain of Child Development & Learning, which practice best aligns with established ECE standards at difficulty level 9?",Strongly aligns with standards,Partially aligns with standards,Minimally aligns with standards,Contradicts best practices,A,ECERS-R Item 5
9,Child Development & Learning,"Level 9: In the domain of Child Development & Learning, which practice best aligns with established ECE standards at difficulty level 9?",Strongly aligns with standards,Partially aligns with standards,Minimally aligns with standards,Contradicts best practices,A,Arizona Early Learning Standard 4.A
9,Child Development & Learning,"Level 9: In the domain of Child Development & Learning, which practice best aligns with established ECE standards at difficulty level 9?",Strongly aligns with standards,Partially aligns with standards,Minimally aligns with standards,Contradicts best practices,A,NAC Standard 2.1
9,Curriculum & Learning Environment,"Level 9: In the domain of Curriculum & Learning Environment, which practice best aligns with established ECE standards at difficulty level 9?",Strongly aligns with standards,Partially aligns with standards,Minimally aligns with standards,Contradicts best practices,A,ECERS-R Item 5
9,Curriculum & Learning Environment,"Level 9: In the domain of Curriculum & Learning Environment, which practice best aligns with established ECE standards at difficulty level 9?",Strongly aligns with standards,Partially aligns with standards,Minimally aligns with standards,Contradicts best practices,A,CLASS Emotional Support Domain
9,Curriculum & Learning Environment,"Level 9: In the domain of Curriculum & Learning Environment, which practice best aligns with established ECE standards at difficulty level 9?",Strongly aligns with standards,Partially aligns with standards,Minimally aligns with standards,Contradicts best practices,A,NAC Standard 2.1
9,Curriculum & Learning Environment,"Level 9: In the domain of Curriculum & Learning Environment, which practice best aligns with established ECE standards at difficulty level 9?",Strongly aligns with standards,Partially aligns with standards,Minimally aligns with standards,Contradicts best practices,A,ITERS-R Indicator 3
9,Family & Community Partnerships,"Level 9: In the domain of Family & Community Partnerships, which practice best aligns with established ECE standards at difficulty level 9?",Strongly aligns with standards,Partially aligns with standards,Minimally aligns with standards,Contradicts best practices,A,Arizona Early Learning Standard 4.A
9,Family & Community Partnerships,"Level 9: In the domain of Family & Community Partnerships, which practice best aligns with established ECE standards at difficulty level 9?",Strongly aligns with standards,Partially aligns with standards,Minimally aligns with standards,Contradicts best practices,A,ECERS-R Item 5
9,Family & Community Partnerships,"Level 9: In the domain of Family & Community Partnerships, which practice best aligns with established ECE standards at difficulty level 9?",Strongly aligns with standards,Partially aligns with standards,Minimally aligns with standards,Contradicts best practices,A,NAC Standard 2.1
9,Family & Community Partnerships,"Level 9: In the domain of Family & Community Partnerships, which practice best aligns with established ECE standards at difficulty level 9?",Strongly aligns with standards,Partially aligns with standards,Minimally aligns with standards,Contradicts best practices,A,ITERS-R Indicator 3
9,Program Management & Professionalism,"Level 9: In the domain of Program Management & Professionalism, which practice best aligns with established ECE standards at difficulty level 9?",Strongly aligns with standards,Partially aligns with standards,Minimally aligns with standards,Contradicts best practices,A,Arizona Early Learning Standard 4.A
9,Program Management & Professionalism,"Level 9: In the domain of Program Management & Professionalism, which practice best aligns with established ECE standards at difficulty level 9?",Strongly aligns with standards,Partially aligns with standards,Minimally aligns with standards,Contradicts best practices,A,ECERS-R Item 5
9,Program Management & Professionalism,"Level 9: In the domain of Program Management & Professionalism, which practice best aligns with established ECE standards at difficulty level 9?",Strongly aligns with standards,Partially aligns with standards,Minimally aligns with standards,Contradicts best practices,A,ITERS-R Indicator 3
9,Program Management & Professionalism,"Level 9: In the domain of Program Management & Professionalism, which practice best aligns with established ECE standards at difficulty level 9?",Strongly aligns with standards,Partially aligns with standards,Minimally aligns with standards,Contradicts best practices,A,Arizona Early Learning Standard 4.A
10,"Health, Safety & Nutrition","Level 10: In the domain of Health, Safety & Nutrition, which practice best aligns with established ECE standards at difficulty level 10?",Strongly aligns with standards,Partially aligns with standards,Minimally aligns with standards,Contradicts best practices,A,Arizona Early Learning Standard 4.A
10,"Health, Safety & Nutrition","Level 10: In the domain of Health, Safety & Nutrition, which practice best aligns with established ECE standards at difficulty level 10?",Strongly aligns with standards,Partially aligns with standards,Minimally aligns with standards,Contradicts best practices,A,Arizona Early Learning Standard 4.A
10,"Health, Safety & Nutrition","Level 10: In the domain of Health, Safety & Nutrition, which practice best aligns with established ECE standards at difficulty level 10?",Strongly aligns with standards,Partially aligns with standards,Minimally aligns with standards,Contradicts best practices,A,Arizona Early Learning Standard 4.A
10,"Health, Safety & Nutrition","Level 10: In the domain of Health, Safety & Nutrition, which practice best aligns with established ECE standards at difficulty level 10?",Strongly aligns with standards,Partially aligns with standards,Minimally aligns with standards,Contradicts best practices,A,NAC Standard 2.1
10,Child Development & Learning,"Level 10: In the domain of Child Development & Learning, which practice best aligns with established ECE standards at difficulty level 10?",Strongly aligns with standards,Partially aligns with standards,Minimally aligns with standards,Contradicts best practices,A,ECERS-R Item 5
10,Child Development & Learning,"Level 10: In the domain of Child Development & Learning, which practice best aligns with established ECE standards at difficulty level 10?",Strongly aligns with standards,Partially aligns with standards,Minimally aligns with standards,Contradicts best practices,A,NAC Standard 2.1
10,Child Development & Learning,"Level 10: In the domain of Child Development & Learning, which practice best aligns with established ECE standards at difficulty level 10?",Strongly aligns with standards,Partially aligns with standards,Minimally aligns with standards,Contradicts best practices,A,ITERS-R Indicator 3
10,Child Development & Learning,"Level 10: In the domain of Child Development & Learning, which practice best aligns with established ECE standards at difficulty level 10?",Strongly aligns with standards,Partially aligns with standards,Minimally aligns with standards,Contradicts best practices,A,Arizona Early Learning Standard 4.A
10,Curriculum & Learning Environment,"Level 10: In the domain of Curriculum & Learning Environment, which practice best aligns with established ECE standards at difficulty level 10?",Strongly aligns with standards,Partially aligns with standards,Minimally aligns with standards,Contradicts best practices,A,Arizona Early Learning Standard 4.A
10,Curriculum & Learning Environment,"Level 10: In the domain of Curriculum & Learning Environment, which practice best aligns with established ECE standards at difficulty level 10?",Strongly aligns with standards,Partially aligns with standards,Minimally aligns with standards,Contradicts best practices,A,CLASS Emotional Support Domain
10,Curriculum & Learning Environment,"Level 10: In the domain of Curriculum & Learning Environment, which practice best aligns with established ECE standards at difficulty level 10?",Strongly aligns with standards,Partially aligns with standards,Minimally aligns with standards,Contradicts best practices,A,Arizona Early Learning Standard 4.A
10,Curriculum & Learning Environment,"Level 10: In the domain of Curriculum & Learning Environment, which practice best aligns with established ECE standards at difficulty level 10?",Strongly aligns with standards,Partially aligns with standards,Minimally aligns with standards,Contradicts best practices,A,CLASS Emotional Support Domain
10,Family & Community Partnerships,"Level 10: In the domain of Family & Community Partnerships, which practice best aligns with established ECE standards at difficulty level 10?",Strongly aligns with standards,Partially aligns with standards,Minimally aligns with standards,Contradicts best practices,A,CLASS Emotional Support Domain
10,Family & Community Partnerships,"Level 10: In the domain of Family & Community Partnerships, which practice best aligns with established ECE standards at difficulty level 10?",Strongly aligns with standards,Partially aligns with standards,Minimally aligns with standards,Contradicts best practices,A,ECERS-R Item 5
10,Family & Community Partnerships,"Level 10: In the domain of Family & Community Partnerships, which practice best aligns with established ECE standards at difficulty level 10?",Strongly aligns with standards,Partially aligns with standards,Minimally aligns with standards,Contradicts best practices,A,ECERS-R Item 5
10,Family & Community Partnerships,"Level 10: In the domain of Family & Community Partnerships, which practice best aligns with established ECE standards at difficulty level 10?",Strongly aligns with standards,Partially aligns with standards,Minimally aligns with standards,Contradicts best practices,A,CLASS Emotional Support Domain
10,Program Management & Professionalism,"Level 10: In the domain of Program Management & Professionalism, which practice best aligns with established ECE standards at difficulty level 10?",Strongly aligns with standards,Partially aligns with standards,Minimally aligns with standards,Contradicts best practices,A,Arizona Early Learning Standard 4.A
10,Program Management & Professionalism,"Level 10: In the domain of Program Management & Professionalism, which practice best aligns with established ECE standards at difficulty level 10?",Strongly aligns with standards,Partially aligns with standards,Minimally aligns with standards,Contradicts best practices,A,CLASS Emotional Support Domain
10,Program Management & Professionalism,"Level 10: In the domain of Program Management & Professionalism, which practice best aligns with established ECE standards at difficulty level 10?",Strongly aligns with standards,Partially aligns with standards,Minimally aligns with standards,Contradicts best practices,A,NAC Standard 2.1
10,Program Management & Professionalism,"Level 10: In the domain of Program Management & Professionalism, which practice best aligns with established ECE standards at difficulty level 10?",Strongly aligns with standards,Partially aligns with standards,Minimally aligns with standards,Contradicts best practices,A,Arizona Early Learning Standard 4.A
