question,domain,sub_domain,difficulty,type,correct_answer,option_a,option_b,option_c,option_d,explanation,hints
"Which of the following best describes the concept of scaffolding in early childhood education?",Child Development,Cognitive Development,2,multiple_choice,B,Providing physical structures for children to climb on,Offering temporary support to help children master new skills before gradually removing assistance,Creating a fixed curriculum that all children must follow,Grouping children by ability level for all activities,"Scaffolding is a teaching strategy based on Vygotsky's theory where educators provide temporary support to help children master new skills, then gradually remove assistance as children become capable of performing tasks independently.",Think about how temporary structures support buildings during construction.
"According to Piaget, during which stage do children begin to use symbolic thinking?",Child Development,Cognitive Development,3,multiple_choice,C,Sensorimotor stage,Concrete operational stage,Preoperational stage,Formal operational stage,"According to Piaget, the preoperational stage (approximately ages 2-7) is when children begin to use symbolic thinking, including language and imaginative play, though they still struggle with logical operations.",This stage typically includes preschool and early elementary school years.
"What is the primary purpose of the ECERS-R assessment tool?",Assessment,Classroom Quality,3,multiple_choice,D,To evaluate children's academic readiness for kindergarten,To screen children for developmental delays,To measure teacher effectiveness in direct instruction,To assess the overall quality of early childhood learning environments,"The Early Childhood Environment Rating Scale-Revised (ECERS-R) is specifically designed to evaluate the quality of early childhood learning environments, including space and furnishings, personal care routines, language-reasoning, activities, interactions, program structure, and provisions for parents and staff.",Think about tools that evaluate the classroom environment rather than individual children or teachers.
"Which of the following is a true statement about development in early childhood?",Child Development,General,1,multiple_choice,A,Development occurs across multiple domains simultaneously,Each domain of development occurs in isolation from others,All children develop at exactly the same rate,Once a developmental milestone is reached, it cannot be reversed,"Development in early childhood occurs across multiple domains (physical, cognitive, social-emotional, language) simultaneously, with each domain influencing the others. This holistic, integrated view of development is fundamental to early childhood education.",Consider how a child's growth in one area might affect their abilities in another area.
"Which approach to early childhood education emphasizes the importance of self-directed play and exploration?",Curriculum,Educational Approaches,2,multiple_choice,B,Direct instruction,Reggio Emilia,Montessori,Academic focus,"The Reggio Emilia approach emphasizes self-directed, experiential learning in relationship-driven environments. It views children as capable, curious individuals with rights, and places a strong emphasis on self-directed play, exploration, and learning through projects that reflect children's interests.",This approach originated in Italy and values the environment as the 'third teacher.'
"A teacher notices that a 4-year-old child consistently struggles to hold a pencil correctly and has difficulty with cutting activities. This most likely indicates a need for support in which developmental area?",Child Development,Physical Development,2,multiple_choice,C,Cognitive development,Social-emotional development,Fine motor development,Language development,"Difficulty with pencil grip and cutting are classic signs of challenges with fine motor development, which involves the small muscles of the hands and fingers. These skills are critical for writing, drawing, and many self-help skills.",These activities involve small muscle movements and hand-eye coordination.
"Which of the following practices best supports emergent literacy in preschoolers?",Curriculum,Literacy Development,2,multiple_choice,D,Requiring daily handwriting practice,Teaching formal phonics lessons to all 3-year-olds,Focusing primarily on letter recognition worksheets,Reading aloud daily and providing a print-rich environment,"Emergent literacy is best supported through creating a print-rich environment, engaging in interactive read-alouds, encouraging dramatic play with writing opportunities, and modeling the purposes of reading and writing, rather than formal instruction or worksheets.",Think about authentic, meaningful experiences with text rather than formal instruction.
"What is a key characteristic of developmentally appropriate practice (DAP)?",Teaching Practices,Developmentally Appropriate Practice,1,multiple_choice,A,Adapting teaching strategies to match children's developmental levels and cultural backgrounds,Following a standardized curriculum regardless of individual differences,Focusing primarily on academic readiness for elementary school,Grouping children strictly by chronological age for all activities,"Developmentally Appropriate Practice (DAP) means teaching that is appropriate to a child's age, individual characteristics, and cultural background. It recognizes that development varies from child to child and adapts teaching approaches accordingly.",This approach recognizes both universal patterns of development and individual differences.
"A child enters the dramatic play area and says, 'I'm the doctor now!' This type of play is best categorized as:",Play,Types of Play,1,multiple_choice,B,Functional play,Sociodramatic play,Constructive play,Games with rules,"Sociodramatic play involves role-playing and pretending to be someone else (like a doctor), often with props and interaction with peers. It's a sophisticated form of play that supports language development, social skills, and imagination.",This type of play often involves taking on roles and acting out scenarios.
"When planning activities for emotional development, which of the following would be most effective?",Social-Emotional Development,Emotional Development,2,multiple_choice,C,Having children sit quietly and listen to stories about feelings,Correcting children immediately when they express negative emotions,Providing opportunities for children to identify and discuss feelings in various contexts,Focusing exclusively on positive emotions to create a happy classroom environment,"Effective emotional development activities provide children with opportunities to identify, express, and manage their emotions in supportive contexts. This includes discussing feelings during stories, role-playing emotional situations, using feeling charts, and validating all emotions while teaching appropriate expression.",Think about what helps children recognize and understand various emotional states.
"When observing children's cooperative play, which behavior would indicate the most advanced level of social development?",Social-Emotional Development,Social Development,3,multiple_choice,D,A child plays beside others with similar toys but without interaction,A child watches others play but does not join in,A child takes toys from peers without asking,Children assign and accept roles in dramatic play and negotiate rules,"Assigning and accepting roles and negotiating rules in play demonstrates advanced social development, including perspective-taking, communication, compromise, and mutual planning - all components of true cooperative play.",Consider which behavior shows children working together toward a common goal.
"According to Erikson's psychosocial theory, preschool-aged children are primarily working through which developmental crisis?",Child Development,Social-Emotional Development,3,multiple_choice,A,Initiative vs. Guilt,Industry vs. Inferiority,Trust vs. Mistrust,Autonomy vs. Shame and Doubt,"According to Erikson, children approximately 3-6 years old (preschool age) are working through the crisis of Initiative vs. Guilt. During this stage, children are exploring their power and control through directed play, planning, and imaginative activities.",During this stage, children frequently ask "why" questions and try out new activities.
"Which of the following behaviors is an example of prosocial behavior in a 4-year-old?",Social-Emotional Development,Moral Development,1,multiple_choice,B,Sharing a toy only when directed by a teacher,Noticing a peer is sad and offering them a favorite toy,Playing alone in a corner of the classroom,Following class rules to avoid punishment,"Prosocial behaviors are voluntary actions intended to benefit or help others. A child noticing a peer's emotional state (empathy) and taking action to help (offering a toy) is a clear example of prosocial behavior, as it's both voluntary and beneficial to others.",Think about behaviors that show concern for the well-being of others.
"A high-quality early childhood program would LEAST likely include which of the following practices?",Teaching Practices,Quality Indicators,2,multiple_choice,C,Daily outdoor play opportunities,Family engagement activities,Extended periods of teacher-directed whole-group instruction,Learning centers with hands-on materials,"Extended periods of teacher-directed whole-group instruction are generally not considered appropriate for young children, who have limited attention spans and learn best through active, hands-on experiences. High-quality programs instead emphasize play-based learning, small groups, and a balance of teacher-guided and child-initiated activities.",Consider what might be developmentally inappropriate given young children's attention spans and learning styles.
"Which statement best describes the concept of 'zone of proximal development' (ZPD)?",Child Development,Cognitive Development,3,multiple_choice,A,The gap between what a child can do independently and what they can do with assistance,The sequential stages through which all children must progress,The maximum number of skills a child can learn at one time,The physical area where optimal learning occurs,"The zone of proximal development, from Vygotsky's theory, refers to the range of tasks a child cannot yet do independently but can complete with guidance from a more knowledgeable partner. It represents the skills that are just emerging and is where instruction should be targeted for optimal learning.",Think about the "just right" challenge level - not too easy, not too hard.
"Which one of these ECERS-3 subscales assesses how teachers help children make connections and reason logically?",Assessment,Classroom Quality,3,multiple_choice,D,Personal Care Routines,Space and Furnishings,Activities,Language and Literacy,"In the ECERS-3 (Early Childhood Environment Rating Scale, 3rd Edition), the Language and Literacy subscale evaluates how teachers support language development, reasoning, and concept development, including how they help children make connections and reason logically.",This subscale looks at how adults interact with children around language use and reasoning.
"A teacher wants to support mathematical thinking during free play. Which of the following strategies would be most effective?",Curriculum,Mathematics,2,multiple_choice,B,Providing worksheets with counting exercises for children to complete during play,Adding measuring tools to the sand table and asking open-ended questions about capacity,Having children stop playing every 15 minutes to practice counting,Creating a separate math center that children must visit for at least 10 minutes each day,"Embedding mathematical tools (like measuring cups) in existing play areas and asking open-ended questions that prompt mathematical thinking allows children to explore math concepts in meaningful contexts. This approach integrates math into play rather than interrupting play for math instruction.",Think about how to make math concepts emerge naturally within children's existing play.
"According to research on brain development, which of the following periods is MOST critical for language development?",Child Development,Brain Development,3,multiple_choice,A,Birth to 5 years,5 to 8 years,8 to 12 years,12 to 18 years,"Research shows that the most critical period for language development is from birth to 5 years, when the brain is most receptive to language input. During this time, neural connections related to language form rapidly in response to language exposure, creating the foundation for future language abilities.",Consider when the brain is most plastic and receptive to language learning.
"What is the main difference between fine motor and gross motor skills?",Child Development,Physical Development,1,multiple_choice,C,Fine motor skills develop before gross motor skills,Gross motor skills are only important for outdoor play,Fine motor skills involve small muscle movements while gross motor skills involve large muscle movements,Only gross motor skills continue developing after age five,"Fine motor skills involve the small muscles of the hands, fingers, and wrists, used for activities like writing and buttoning. Gross motor skills involve the large muscles of the arms, legs, and trunk, used for activities like running and climbing. The main difference is in the size of the muscle groups involved.",Think about the size of the movements and which parts of the body are primarily involved.
"Which of the following best describes 'executive function' skills?",Child Development,Cognitive Development,3,multiple_choice,D,The ability to count and recognize shapes,Physical coordination needed for writing and drawing,Skills needed for reading comprehension,Mental processes that help children plan, focus attention, remember instructions, and juggle multiple tasks,"Executive function skills are the mental processes that enable us to plan, focus attention, remember instructions, and juggle multiple tasks successfully. These include working memory, inhibitory control, and cognitive flexibility, which develop rapidly during the preschool years.",These cognitive skills act like a brain's air traffic control system.
"A teacher creates a classroom environment where mistakes are viewed as opportunities for learning and encourages children to try challenging tasks. This teacher is primarily fostering which mindset?",Teaching Practices,Motivation,2,multiple_choice,B,Fixed mindset,Growth mindset,Competitive mindset,Perfectionist mindset,"A growth mindset, as conceptualized by Carol Dweck, is the belief that abilities can be developed through dedication and hard work. By treating mistakes as learning opportunities and encouraging children to embrace challenges, the teacher is fostering this mindset rather than a fixed mindset, which views abilities as static traits.",This mindset focuses on the process of learning rather than innate ability or perfect outcomes.
"Which of the following best exemplifies culturally responsive teaching in early childhood?",Diversity and Inclusion,Culturally Responsive Practice,2,multiple_choice,A,Adapting teaching practices to incorporate the cultural backgrounds and experiences of all children in the classroom,Treating all children exactly the same regardless of their cultural background,Teaching children primarily about mainstream American culture,Having a special 'cultural day' once a month where different cultures are highlighted,"Culturally responsive teaching means incorporating children's cultural references in all aspects of learning, validating their cultural identities, connecting home and school experiences, and using diverse teaching approaches that align with different cultural learning styles. It's an ongoing, integrated approach rather than a sporadic focus on cultural differences.",This approach connects children's home cultures with their educational experiences.
"What is the primary purpose of conducting authentic assessment in early childhood settings?",Assessment,Authentic Assessment,2,multiple_choice,C,To compare children's performance against standardized norms,To prepare children for standardized testing in elementary school,To gather meaningful information about children's development and learning in real contexts,To identify children who need to be retained or placed in special education,"Authentic assessment involves observing and documenting children's development and learning in natural, meaningful contexts, rather than through artificial testing situations. Its primary purpose is to gather information that accurately reflects children's true abilities and helps teachers plan appropriate curriculum and support.",Think about assessments that happen during normal classroom activities.
"A 4-year-old child builds a block tower, knocks it down, laughs, and immediately begins rebuilding it. This behavior most clearly demonstrates which concept?",Child Development,Cognitive Development,1,multiple_choice,D,Object permanence,Conservation,Theory of mind,Schema development,"The child's repetitive block play demonstrates schema development - the creation and refinement of mental models through repeated play. By building and rebuilding, the child is practicing and mastering spatial concepts and cause-effect relationships, consolidating this learning into a mental schema about how blocks work.",This concept involves developing mental representations through repeated experiences.
"In early childhood settings, what is the primary benefit of mixed-age grouping?",Program Structure,Classroom Composition,2,multiple_choice,A,It allows younger children to learn from older peers and older children to develop leadership skills,It simplifies curriculum planning for teachers,It reduces the need for individualized instruction,It prepares children for the grade-level structure of elementary school,"Mixed-age grouping benefits both younger and older children: younger children observe and learn from more advanced peers, while older children develop leadership, nurturing, and communication skills by helping younger children. This arrangement reflects the natural variation in development and provides multiple models for learning.",Consider the benefits of family-like groupings with children at various developmental levels.
"When working with dual language learners, which practice is most appropriate?",Diversity and Inclusion,Dual Language Learners,2,multiple_choice,B,Discouraging home language use in the classroom to accelerate English acquisition,Supporting continued development of the home language while introducing English,Separating children by language background for most of the day,Focusing exclusively on English vocabulary development before introducing other content,"Research shows that supporting continued development of a child's home language actually facilitates, rather than hinders, English acquisition. This dual-language approach builds on existing language skills, preserves cultural connections, and leads to stronger outcomes in both languages.",Consider which approach values children's existing language knowledge rather than replacing it.
"A teacher notices that a 3-year-old child frequently watches others play but rarely joins in. The MOST appropriate response would be to:",Teaching Practices,Social Development,2,multiple_choice,C,Require the child to join group activities,Tell the child they need to make friends,Observe carefully to understand the child's interests and gradually scaffold social participation,Group the child with the most socially skilled peers to serve as models,"Observing first to understand the child's interests and temperament, then gradually scaffolding social participation based on these observations respects the child's current comfort level while supporting growth. This approach recognizes that children have different social styles and need individualized support for social development.",This approach respects the child's current developmental level while providing support for growth.
"Which statement about play-based learning is most accurate?",Play,Play-Based Learning,1,multiple_choice,A,Play-based learning can support development across all domains including cognitive skills and academic content,Play is important for social development but separate academic instruction is needed for math and literacy,Play-based approaches are only appropriate for children under age four,Play-based learning means children play freely with no teacher involvement,"High-quality play-based learning is not just about free play, but involves thoughtfully designed play experiences and teacher scaffolding that support development across all domains, including cognitive skills and academic content areas like math, science, and literacy.",Consider how intentionally designed play experiences can address specific learning goals.
"Which of the following is most characteristic of authentic family engagement?",Family Engagement,Partnership Approaches,2,multiple_choice,D,Sending home weekly newsletters about classroom activities,Holding parent-teacher conferences twice per year,Having an annual multicultural potluck dinner,Establishing reciprocal relationships where families' expertise about their children informs classroom practice,"Authentic family engagement goes beyond one-way communication or occasional events to establish genuine partnerships where families' knowledge and expertise are valued and incorporated into classroom planning and decision-making. It recognizes families as children's first teachers and essential educational partners.",This approach views families as true partners rather than just recipients of information.
"According to the NAEYC Code of Ethical Conduct, which of the following is a teacher's FIRST ethical responsibility?",Professionalism,Ethics,3,multiple_choice,B,To advocate for the early childhood profession,To ensure the welfare and safety of all children in their care,To maintain program policies regardless of personal opinion,To advance their own professional knowledge,"The NAEYC Code of Ethical Conduct clearly establishes that a teacher's primary ethical responsibility is to ensure children's welfare and safety, including their physical and psychological well-being. This principle takes precedence over responsibilities to families, colleagues, and the profession.",This responsibility forms the foundation for all ethical decision-making in the field.
"Which aspect of classroom design is MOST important for supporting children's autonomy and self-regulation?",Learning Environment,Physical Space,2,multiple_choice,C,Having the newest educational materials,Displaying commercial posters with classroom rules,Creating a predictable environment with materials children can access independently,Using primarily teacher-created materials rather than commercial ones,"A predictable environment with accessible materials enables children to make choices, follow their interests, use resources without constant adult assistance, and understand expectations - all of which support the development of autonomy and self-regulation skills.",Think about what helps children function independently and make choices.
"Which legislation mandates free, appropriate public education in the least restrictive environment for children with disabilities?",Special Education,Legal Requirements,3,multiple_choice,A,IDEA (Individuals with Disabilities Education Act),Head Start Act,ESEA (Elementary and Secondary Education Act),ADA (Americans with Disabilities Act),"The Individuals with Disabilities Education Act (IDEA) specifically mandates that children with disabilities receive free, appropriate public education (FAPE) in the least restrictive environment (LRE). It ensures special education services and protections for children from birth through age 21.",This federal law specifically addresses educational services for children with disabilities.
"Which statement about attachment theory is most accurate?",Child Development,Social-Emotional Development,3,multiple_choice,D,Attachment only refers to the bond between mother and child,Children are only capable of forming one secure attachment,Secure attachment develops naturally without adult effort,Secure attachment provides a foundation for healthy social-emotional development and exploration,"According to attachment theory, secure attachment - which can form with any consistent, responsive caregiver - provides children with a secure base from which to explore the world and develop other relationships. It is a foundation for healthy social-emotional development, self-regulation, and learning.",This theory addresses how early relationships affect children's development and future relationships.
"A teacher is planning a unit on community helpers. Which activity best demonstrates an emergent curriculum approach?",Curriculum,Curriculum Approaches,2,multiple_choice,B,Following a pre-planned sequence of lessons about different community helpers,Noticing children's excitement after a firefighter visit and extending learning through related activities and materials,Creating a community helper costume box but directing how children should use it,Having children complete predetermined worksheets about community helpers,"Emergent curriculum responds to children's demonstrated interests rather than following entirely pre-planned units. By noticing children's excitement after the firefighter visit and extending this interest through related activities, the teacher is following emergent curriculum principles.",Think about how the teacher might respond to rather than direct children's interests.
"In terms of early math development, which skill typically develops FIRST?",Curriculum,Mathematics,1,multiple_choice,C,Understanding place value,Recognizing written numerals,One-to-one correspondence when counting objects,Solving simple word problems,"One-to-one correspondence - matching one number word to one object while counting - is one of the earliest counting principles to develop. Children typically demonstrate this skill before they can recognize written numerals or understand more complex mathematical concepts.",This foundational skill involves coordinating counting words with objects.
"Which statement about sensory play is most accurate?",Play,Sensory Development,1,multiple_choice,B,Sensory play should be limited to avoid messiness in the classroom,Sensory play supports cognitive development by activating multiple neural pathways,Sensory play is primarily beneficial for children with special needs,Children naturally outgrow the need for sensory experiences by age four,"Sensory play - which engages the senses of touch, smell, taste, movement, balance, sight and hearing - activates multiple neural pathways and supports cognitive development in all children. It helps create stronger, more numerous connections in the brain's pathways, which are used for all types of learning.",Consider how engaging multiple senses might affect brain development.
"When considering challenging behavior in preschoolers, which perspective is most consistent with current best practices?",Guidance,Challenging Behavior,2,multiple_choice,A,Challenging behavior is often a form of communication and requires understanding the underlying causes,Children with frequent challenging behaviors need primarily strict discipline to learn appropriate conduct,Challenging behavior indicates poor parenting and requires family intervention,Ignoring challenging behavior is the most effective way to eliminate it,"Current best practices view challenging behavior not as willful misconduct but as a form of communication that signals unmet needs or lacking skills. Effective responses involve understanding the behavior's function or cause and teaching children appropriate alternatives for expressing needs or managing emotions.",This perspective focuses on understanding rather than just managing behavior.
"Which of the following would be classified as a process-oriented art activity?",Curriculum,Creative Arts,1,multiple_choice,D,Having children color in pre-drawn shapes,Creating a class mural where each child must contribute a specific element,Having children make a specific craft project by following teacher directions,Providing various painting tools and letting children explore how they work with paint,"Process-oriented art focuses on the experience of creating rather than producing a predetermined product. It involves open-ended exploration of materials without step-by-step instructions or models to copy, emphasizing creativity and self-expression over identical end products.",Think about activities that emphasize exploration and creative decision-making versus following directions.
"A teacher notices a child uses inventive spelling to write 'I LIK MI FRINDS.' This most strongly indicates that the child:",Curriculum,Literacy Development,2,multiple_choice,C,Needs immediate correction of spelling errors,Should use letter tiles instead of trying to write independently,Is making appropriate progress in emergent writing development,Has a learning disability that requires intervention,"Inventive or developmental spelling is a normal, appropriate stage in writing development where children use their growing phonological awareness to represent sounds in words. The example shows the child is connecting letters and sounds, a significant literacy achievement that should be encouraged rather than corrected.",Consider what this writing sample shows about the child's understanding of sound-letter relationships.
"Which of the following best describes the concept of 'funds of knowledge'?",Diversity and Inclusion,Cultural Competence,3,multiple_choice,B,Federal funding sources for early childhood programs,The academic knowledge children need to succeed in school,The skills, knowledge, and experiences that exist within families and communities,The background knowledge teachers need to be effective,"The 'funds of knowledge' concept recognizes that all families and communities possess valuable skills, experiences, and cultural knowledge that can and should be incorporated into classroom learning. It shifts from a deficit to a resource perspective regarding diverse families.",This concept values the resources children bring from their homes and communities rather than viewing diversity as a deficit.
"A 4-year-old who says 'I runned really fast' is demonstrating:",Child Development,Language Development,2,multiple_choice,A,An understanding of language rules that they are applying too broadly,A speech disorder that requires intervention,Poor language modeling at home,Exposure to incorrect grammar,"The overgeneralization of regular past tense rules to irregular verbs (saying 'runned' instead of 'ran') actually demonstrates cognitive development - the child has internalized the rule that adding '-ed' forms the past tense, but hasn't yet learned the exceptions. This is a normal phase in language acquisition.",This error actually shows the child's growing understanding of language patterns.
"A high-quality outdoor learning environment for preschoolers should primarily emphasize:",Learning Environment,Outdoor Space,1,multiple_choice,C,Safety features that minimize any possible risk,Stationary equipment like traditional swing sets and slides,A variety of open-ended materials and natural elements that allow for exploration,Hard surfaces for riding toys,"While safety is important, the highest quality outdoor environments emphasize natural elements, loose parts, and open-ended materials that support diverse types of play, physical challenges, and exploration. This approach recognizes that appropriate risk-taking is beneficial for development.",Consider what allows for the richest variety of play experiences and connection to nature.
"Which of the following would be the MOST developmentally appropriate way to support handwriting development in 4-year-olds?",Curriculum,Fine Motor Development,2,multiple_choice,B,Daily handwriting worksheets with proper letter formation,Providing materials for strengthening hand muscles and opportunities to write in meaningful contexts,Teaching them to type on keyboards instead,Having them trace letters with their fingers in the air,"Before focusing on letter formation, young children need to develop the underlying fine motor strength and coordination. Providing materials like playdough, tweezers, and scissors develops these muscles, while integrating writing opportunities into play (like notepads in dramatic play) makes writing meaningful.",This approach addresses the developmental foundations for writing rather than just the skill itself.
"Which action by a teacher best demonstrates the use of positive guidance strategies?",Guidance,Positive Guidance,1,multiple_choice,A,Noticing a child waiting patiently and acknowledging their self-control,Using time-out whenever children have conflicts with peers,Rewarding good behavior with candy or stickers,Creating numerous classroom rules that prohibit undesirable behaviors,"Positive guidance emphasizes noticing and acknowledging desired behaviors, teaching skills proactively, and focusing on what to do rather than what not to do. Acknowledging specific behaviors helps children understand expectations and builds intrinsic motivation.",This approach focuses on acknowledging positive behaviors rather than just addressing problems.
"When creating inclusive classrooms for children with disabilities, which approach is most effective?",Special Education,Inclusion,2,multiple_choice,D,Planning separate activities for children with disabilities,Focusing primarily on children's areas of weakness,Having different rules for children with disabilities,Making accommodations and modifications that allow all children to participate meaningfully,"Effective inclusion means adapting the environment, activities, and expectations so all children can participate meaningfully, rather than creating separate or lesser experiences for children with disabilities. This approach recognizes that all children benefit from diverse classroom communities.",This approach ensures every child can participate and learn without segregation.
"A classroom setup with clear boundaries between areas, visible storage, and defined pathways most directly supports children's:",Learning Environment,Physical Space,1,multiple_choice,B,Academic learning,Self-regulation and independence,Creativity,Physical development,"A well-organized classroom with clear boundaries, logical organization, and defined pathways helps children understand expectations, make choices, find and return materials, and navigate the space independently - all of which support self-regulation and independent functioning.",Consider how the physical environment affects children's ability to control their bodies and make choices.
"To best support vocabulary development in young children, teachers should:",Curriculum,Language Development,1,multiple_choice,C,Focus on having children memorize word lists,Correct children's speech errors immediately,Use rich vocabulary during authentic conversations and experiences,Limit vocabulary to basic words that all children will understand,"Research shows that vocabulary develops best through meaningful contexts and conversations rather than direct instruction. Teachers should use varied, precise vocabulary during authentic experiences and conversations, explain new words naturally, and connect words to children's existing knowledge.",This approach embeds vocabulary learning in meaningful contexts rather than isolated instruction.